{
	"info": {
		"_postman_id": "2f118b79-edfd-4c1f-b593-42204d333b46",
		"name": "MyEntity",
		"schema": "https://schema.getpostman.com/json/collection/v2.1.0/collection.json"
	},
	"item": [
		{
			"name": "Get All",
			"request": {
				"method": "GET",
				"header": []
			},
			"response": []
		},
		{
			"name": "Get By id",
			"request": {
				"method": "GET",
				"header": [],
				"url": {
					"raw": "localhost:8080/myentity",
					"host": [
						"localhost"
					],
					"port": "8080",
					"path": [
						"myentity"
					]
				}
			},
			"response": []
		},
		{
			"name": "New",
			"request": {
				"method": "POST",
				"header": [],
				"body": {
					"mode": "raw",
					"raw": "{\r\n    \"description\":\"Entity 1\"\r\n}",
					"options": {
						"raw": {
							"language": "json"
						}
					}
				},
				"url": {
					"raw": "localhost:8080/myentity",
					"host": [
						"localhost"
					],
					"port": "8080",
					"path": [
						"myentity"
					]
				}
			},
			"response": []
		},
		{
			"name": "Delete",
			"request": {
				"method": "DELETE",
				"header": [],
				"url": {
					"raw": "localhost:8080/myentity",
					"host": [
						"localhost"
					],
					"port": "8080",
					"path": [
						"myentity"
					]
				}
			},
			"response": []
		}
	]
}